Datetime,Water Level (m)
2026-07-13 18:00:00,0.9159741
2026-07-13 19:00:00,1.4039198
2026-07-13 20:00:00,1.6895084
2026-07-13 21:00:00,1.6531017
2026-07-13 22:00:00,1.3057406
2026-07-13 23:00:00,0.8646283
2026-07-14 00:00:00,0.3876114
2026-07-14 01:00:00,-0.067749955
2026-07-14 02:00:00,-0.4891813
2026-07-14 03:00:00,-0.7376246
2026-07-14 04:00:00,-0.20783953
2026-07-14 05:00:00,0.58011836
2026-07-14 06:00:00,1.3535047
2026-07-14 07:00:00,2.0139837
2026-07-14 08:00:00,2.406787
2026-07-14 09:00:00,2.4804068
2026-07-14 10:00:00,2.1589794
2026-07-14 11:00:00,1.6634233
2026-07-14 12:00:00,1.1333196
2026-07-14 13:00:00,0.59638125
2026-07-14 14:00:00,0.087931536
2026-07-14 15:00:00,-0.35538927
2026-07-14 16:00:00,-0.59256184
2026-07-14 17:00:00,-0.086512364
2026-07-14 18:00:00,0.6412682
2026-07-14 19:00:00,1.3010658
2026-07-14 20:00:00,1.822974
2026-07-14 21:00:00,2.0752978
2026-07-14 22:00:00,1.9113145
2026-07-14 23:00:00,1.4816605
2026-07-15 00:00:00,0.98692846
2026-07-15 01:00:00,0.477145
2026-07-15 02:00:00,-0.008198776
2026-07-15 03:00:00,-0.4372826
2026-07-15 04:00:00,-0.6117168
2026-07-15 05:00:00,0.012672707
2026-07-15 06:00:00,0.8451025
2026-07-15 07:00:00,1.6329954
2026-07-15 08:00:00,2.299401
2026-07-15 09:00:00,2.6981401
2026-07-15 10:00:00,2.6927123
2026-07-15 11:00:00,2.2957692
2026-07-15 12:00:00,1.7634367
2026-07-15 13:00:00,1.2038758
2026-07-15 14:00:00,0.64886713
2026-07-15 15:00:00,0.12697132
2026-07-15 16:00:00,-0.30795747
2026-07-15 17:00:00,-0.36681017
2026-07-15 18:00:00,0.2901223
2026-07-15 19:00:00,1.0170834
2026-07-15 20:00:00,1.6535586
2026-07-15 21:00:00,2.1026628
2026-07-15 22:00:00,2.2550926
2026-07-15 23:00:00,1.9699297
2026-07-16 00:00:00,1.5036649
2026-07-16 01:00:00,0.9856358
2026-07-16 02:00:00,0.46520454
2026-07-16 03:00:00,-0.02152187
2026-07-16 04:00:00,-0.44056904
2026-07-16 05:00:00,-0.49263442
2026-07-16 06:00:00,0.24990663
2026-07-16 07:00:00,1.0920218
2026-07-16 08:00:00,1.8709811
2026-07-16 09:00:00,2.4726484
2026-07-16 10:00:00,2.767486
2026-07-16 11:00:00,2.599704
2026-07-16 12:00:00,2.1240194
2026-07-16 13:00:00,1.5744243
2026-07-16 14:00:00,1.0096381
2026-07-16 15:00:00,0.4608366
2026-07-16 16:00:00,-0.03986487
2026-07-16 17:00:00,-0.43875235
2026-07-16 18:00:00,-0.27119747
2026-07-16 19:00:00,0.4448054
2026-07-16 20:00:00,1.1789446
2026-07-16 21:00:00,1.8047725
2026-07-16 22:00:00,2.2026436
2026-07-16 23:00:00,2.2504916
2026-07-17 00:00:00,1.8893462
2026-07-17 01:00:00,1.4085858
2026-07-17 02:00:00,0.88541263
2026-07-17 03:00:00,0.37085116
2026-07-17 04:00:00,-0.09922686
2026-07-17 05:00:00,-0.48005587
2026-07-17 06:00:00,-0.28348628
2026-07-17 07:00:00,0.47066554
2026-07-17 08:00:00,1.2769173
2026-07-17 09:00:00,2.0044935
2026-07-17 10:00:00,2.5102203
2026-07-17 11:00:00,2.6785867
2026-07-17 12:00:00,2.392515
2026-07-17 13:00:00,1.8913798
2026-07-17 14:00:00,1.3465666
2026-07-17 15:00:00,0.79190326
2026-07-17 16:00:00,0.25877905
2026-07-17 17:00:00,-0.20749398
2026-07-17 18:00:00,-0.5095693
2026-07-17 19:00:00,-0.079740316
2026-07-17 20:00:00,0.6542428
2026-07-17 21:00:00,1.3442035
2026-07-17 22:00:00,1.913735
2026-07-17 23:00:00,2.228687
2026-07-18 00:00:00,2.1530356
2026-07-18 01:00:00,1.7507527
2026-07-18 02:00:00,1.262399
2026-07-18 03:00:00,0.7473162
2026-07-18 04:00:00,0.24658
2026-07-18 05:00:00,-0.19689974
2026-07-18 06:00:00,-0.48033974
2026-07-18 07:00:00,-0.026672186
2026-07-18 08:00:00,0.74339646
2026-07-18 09:00:00,1.478837
2026-07-18 10:00:00,2.1087816
2026-07-18 11:00:00,2.506261
2026-07-18 12:00:00,2.5100586
2026-07-18 13:00:00,2.1272087
2026-07-18 14:00:00,1.6191182
2026-07-18 15:00:00,1.0807393
2026-07-18 16:00:00,0.54557055
2026-07-18 17:00:00,0.04622851
2026-07-18 18:00:00,-0.37682757
2026-07-18 19:00:00,-0.5006484
2026-07-18 20:00:00,0.092296466
2026-07-18 21:00:00,0.8215836
2026-07-18 22:00:00,1.4652702
2026-07-18 23:00:00,1.9512777
2026-07-19 00:00:00,2.170891
2026-07-19 01:00:00,1.9829117
2026-07-19 02:00:00,1.5620329
2026-07-19 03:00:00,1.0782133
2026-07-19 04:00:00,0.5779126
2026-07-19 05:00:00,0.105171785
2026-07-19 06:00:00,-0.2949367
2026-07-19 07:00:00,-0.42737395
2026-07-19 08:00:00,0.15283938
2026-07-19 09:00:00,0.8836541
2026-07-19 10:00:00,1.5549412
2026-07-19 11:00:00,2.0784235
2026-07-19 12:00:00,2.3514445
2026-07-19 13:00:00,2.217966
2026-07-19 14:00:00,1.7996464
2026-07-19 15:00:00,1.304105
2026-07-19 16:00:00,0.78578717
2026-07-19 17:00:00,0.28218105
2026-07-19 18:00:00,-0.16909155
